StockCode,TotalPrice
22423,A
85123A,A
85099B,A
47566,A
POST,A
84879,A
23084,A
22502,A
79321,A
22086,A
21137,A
22197,A
23203,A
22386,A
23298,A
23284,A
82484,A
22720,A
22960,A
85099F,A
22470,A
22178,A
22469,A
20725,A
23245,A
22727,A
23199,A
20685,A
22910,A
22629,A
23355,A
22457,A
21181,A
22699,A
21915,A
48138,A
22112,A
85099C,A
23201,A
48187,A
22138,A
22189,A
21623,A
23173,A
21733,A
21175,A
22326,A
23243,A
21931,A
22726,A
23209,A
22961,A
21621,A
23202,A
22666,A
15056N,A
22722,A
22139,A
21166,A
85066,A
48194,A
22630,A
21731,A
22411,A
22111,A
82482,A
21523,A
84946,A
22659,A
84997D,A
20713,A
22090,A
22383,A
22728,A
23206,A
21929,A
20727,A
21928,A
22697,A
22969,A
84347,A
22467,A
23344,A
22693,A
82486,A
20914,A
20728,A
82494L,A
48185,A
71477,A
21212,A
23240,A
22384,A
22865,A
22328,A
22492,A
21485,A
22382,A
21754,A
15036,A
21843,A
85152,A
22114,A
22385,A
20712,A
84997B,A
22077,A
22624,A
15056BL,A
20726,A
22698,A
22993,A
84997C,A
82483,A
48184,A
84029E,A
84077,A
22084,A
23356,A
23313,A
22622,A
23200,A
82583,A
23108,A
22900,A
22847,A
22558,A
84978,A
22507,A
22835,A
23301,A
22188,A
20750,A
22551,A
22113,A
22866,A
20749,A
21524,A
82600,A
22867,A
DOT,A
22083,A
22379,A
21232,A
84078A,A
22941,A
22752,A
22625,A
22554,A
21977,A
23077,A
22607,A
47590B,A
21755,A
48188,A
22171,A
23207,A
23174,A
22427,A
21930,A
22193,A
22568,A
21108,A
22413,A
22149,A
21790,A
22662,A
85014B,A
21936,A
22730,A
22617,A
22087,A
22988,A
47590A,A
21891,A
20724,A
22501,A
71459,A
21340,A
22499,A
23208,A
22570,A
48173C,A
23300,A
22776,A
21080,A
23076,A
22970,A
21479,A
22690,A
84997A,A
84755,A
22633,A
22556,A
22605,A
22692,A
22555,A
22560,A
84947,A
21430,A
84029G,A
22766,A
23343,A
22621,A
22846,A
21914,A
23170,A
21217,A
85048,A
23171,A
20679,A
22569,A
21481,A
22191,A
22978,A
20971,A
23175,A
22632,A
21559,A
85150,A
84375,A
22561,A
22966,A
20972,A
22619,A
84991,A
82582,A
21791,A
21174,A
22041,A
23582,A
23581,A
21216,A
22273,A
22989,A
22759,A
22791,A
84945,A
22424,A
22169,A
22158,A
22749,A
48116,A
23082,A
23078,A
23322,A
23318,A
23319,A
22734,A
22729,A
23080,A
23256,A
21210,A
22992,A
22652,A
72741,A
21121,A
22667,A
23439,A
84378,A
20711,A
22940,A
35970,A
23328,A
21136,A
22192,A
22557,A
22768,A
22952,A
21770,A
22616,A
22147,A
20719,A
21889,A
21908,A
22750,A
21314,A
23238,A
22585,A
22838,A
84836,A
22144,A
22355,A
22795,A
22741,A
23007,A
84406B,A
21218,A
23320,A
22771,A
23543,A
21213,A
84970S,A
22804,A
84949,A
23321,A
47566B,A
23215,A
23493,A
21169,A
23236,A
48111,A
21231,A
22352,A
22333,A
C2,A
21955,A
84380,A
23297,A
22950,A
22294,A
23254,A
22767,A
22844,A
22487,A
21787,A
23283,A
23083,A
22456,A
22367,A
22627,A
23008,A
23293,A
22840,A
23134,A
23103,A
22655,A
22725,A
22968,A
21165,A
22553,A
21259,A
22909,A
85014A,A
22634,A
23229,A
21122,A
23109,A
23534,A
22505,A
21035,A
22170,A
23553,A
84992,A
22381,A
22637,A
21669,A
23541,A
21668,A
21533,A
23382,A
21326,A
22631,A
23480,A
47556B,A
22173,A
22663,A
22620,A
22303,A
23307,A
23535,A
22783,A
21380,A
75049L,A
21975,A
22508,A
22834,A
22895,A
22943,A
47591D,A
17003,A
22654,A
71053,A
84030E,A
20969,A
21535,A
21888,A
22826,A
62018,A
21922,A
22979,A
23247,A
22779,A
21484,A
23296,A
84970L,A
22991,A
22356,A
23172,A
22151,A
22485,A
21877,A
22971,A
84988,A
23311,A
21672,A
21912,A
23312,A
22784,A
21156,A
21094,A
23204,A
48129,A
22740,A
23169,A
22584,A
20723,A
22150,A
22751,A
21871,A
23135,A
21155,A
23531,A
22635,A
23485,A
22668,A
23583,A
23192,A
23118,A
23126,A
82001S,A
22349,A
22595,A
23133,A
22946,A
20718,A
23188,A
22418,A
22904,A
23132,A
22466,A
20676,A
22141,A
22947,A
22964,A
22827,A
23158,A
23177,A
22296,A
22623,A
23556,A
22907,A
21670,A
22179,A
22302,A
21844,A
22780,A
23310,A
22109,A
84212,A
23154,A
22365,A
22796,A
21164,A
21671,A
22429,A
21673,A
22957,A
21242,A
23162,A
23263,A
23555,A
23554,A
22839,A
22120,A
21124,A
21907,A
21756,A
22297,A
22646,A
22366,A
22271,A
21172,A
23052,A
23295,A
23558,A
37449,A
22464,A
22998,A
21558,A
23157,A
23314,A
22488,A
22243,A
23159,A
22798,A
21390,A
22088,A
23234,A
23569,A
23286,A
22580,A
22849,A
23165,A
22301,A
47599A,A
82552,A
22207,A
22848,A
22636,A
22295,A
23010,A
21937,A
23285,A
84050,A
16014,A
21258,A
22142,A
22837,A
21539,A
21932,A
21498,A
21933,A
23176,A
23530,A
23198,A
23526,A
23288,A
23503,A
22938,A
22549,A
23275,A
21833,A
82551,A
22606,A
23389,A
22813,A
15056P,A
22082,A
23237,A
21428,A
22898,A
22845,A
22417,A
23241,A
22626,A
84987,A
20979,A
22174,A
20975,A
22661,A
23397,A
21086,A
21876,A
22689,A
22899,A
20970,A
23205,A
23404,A
22721,A
23166,A
23129,A
22772,A
22748,A
23340,A
23557,A
20974,A
72351B,A
21704,A
23144,A
23163,A
23494,A
23255,A
23167,A
23306,A
22117,A
22841,A
22550,A
23050,A
22489,A
23012,A
23193,A
22061,A
22274,A
23130,A
22723,A
21874,A
22951,A
23184,A
23309,A
23486,A
22431,A
22745,A
72760B,A
21257,A
21892,A
21098,A
20677,A
21749,A
23131,A
23351,A
23194,A
22053,A
85049A,A
22350,A
23081,A
20682,A
22781,A
23032,A
23049,A
22956,A
22980,A
23299,A
22596,A
22854,A
21154,A
22896,A
23191,A
22628,A
23092,A
22942,A
21746,A
23497,A
22842,A
85049E,A
23089,A
22649,A
23232,A
22809,A
23349,A
21588,A
23127,A
23091,A
84508A,A
22688,A
22371,A
21497,A
21531,A
22782,A
22089,A
21745,A
21703,A
23542,A
23110,A
21260,A
22131,A
22665,A
23085,A
84792,A
23294,A
22493,A
23552,A
22148,A
21244,A
22577,A
23571,A
22908,A
23189,A
21243,A
23332,A
21527,A
23009,A
23156,A
22563,A
23536,A
21890,A
47567B,A
22435,A
22890,A
22694,A
22926,A
23168,A
22348,A
23112,A
23013,A
21463,A
23230,A
23111,A
23426,A
23388,A
22967,A
20675,A
23210,A
22801,A
23350,A
22775,A
22029,A
22491,A
22236,A
21906,A
23065,A
23308,A
22432,A
23239,A
23353,A
23342,A
22578,A
23253,A
85053,A
22738,A
22567,A
22760,A
22300,A
22468,A
22687,A
23231,A
16161P,A
22855,A
23346,A
23323,A
21385,A
23461,A
23035,A
23014,A
22812,A
22311,A
21716,A
22892,A
82580,A
22656,A
23390,A
22244,A
22504,A
22962,A
22065,A
22212,A
21561,A
21974,A
21135,A
21429,A
22460,A
23242,A
22669,A
22195,A
21868,A
23182,A
21935,A
22894,A
84692,A
85132C,A
21918,A
23329,A
37370,A
23393,A
22465,A
22219,A
22800,A
22079,A
21238,A
22180,A
21658,A
79000,A
23345,A
22331,A
22823,A
23290,A
21715,A
22972,A
21499,A
23051,A
23354,A
22746,A
21381,A
22739,A
23190,A
22965,A
21201,A
20754,A
22702,A
22810,A
23147,A
22604,A
22045,A
23427,A
22843,A
47599B,A
22830,A
22078,A
23211,A
22222,A
21500,A
21563,A
22906,A
23053,A
21115,A
23395,B
23164,B
23100,B
22777,B
22700,B
21112,B
21985,B
20973,B
22430,B
22187,B
22564,B
23266,B
22778,B
23489,B
23333,B
23212,B
22833,B
22354,B
21976,B
20828,B
22433,B
85184C,B
22925,B
22072,B
22582,B
23196,B
23292,B
21240,B
20717,B
23681,B
22974,B
72351A,B
23264,B
22937,B
22822,B
23407,B
47559B,B
22175,B
23146,B
21810,B
21411,B
22963,B
21495,B
21116,B
21903,B
22794,B
84568,B
16156S,B
22327,B
23341,B
20829,B
22610,B
85178,B
22644,B
22930,B
23570,B
22774,B
23437,B
23396,B
21110,B
22945,B
22902,B
21730,B
22437,B
23412,B
22440,B
22691,B
22773,B
20983,B
22215,B
23400,B
23436,B
22645,B
85062,B
22797,B
21107,B
21875,B
23316,B
72807C,B
23498,B
22672,B
23054,B
22380,B
22927,B
22426,B
22670,B
23330,B
46000S,B
22241,B
22360,B
21735,B
84832,B
21811,B
23438,B
84509A,B
23360,B
22660,B
22329,B
23265,B
21592,B
21896,B
22704,B
22990,B
21625,B
35961,B
22851,B
23401,B
23406,B
23048,B
21109,B
23445,B
22030,B
22939,B
23093,B
35004B,B
22476,B
23501,B
23064,B
22548,B
23233,B
23046,B
23079,B
22378,B
21313,B
22064,B
21982,B
23504,B
23128,B
21609,B
21934,B
22441,B
21452,B
84596B,B
22425,B
21794,B
23252,B
22573,B
22483,B
85175,B
23029,B
21239,B
22185,B
22283,B
22983,B
23020,B
22743,B
22737,B
23326,B
22075,B
20978,B
85038,B
22196,B
23028,B
23152,B
82581,B
22811,B
84950,B
23031,B
20751,B
21078,B
23424,B
22829,B
23490,B
85174,B
37448,B
21980,B
23403,B
22128,B
72802C,B
23352,B
23268,B
22653,B
21878,B
22224,B
22831,B
21900,B
37500,B
23066,B
22914,B
23529,B
23302,B
23227,B
22059,B
23068,B
22478,B
23500,B
23197,B
22933,B
21033,B
23374,B
22732,B
22955,B
22121,B
21993,B
22863,B
23145,B
85049G,B
23213,B
22805,B
21506,B
22824,B
22973,B
22080,B
23251,B
22733,B
23161,B
22931,B
22592,B
20977,B
22792,B
22959,B
22744,B
21249,B
40016,B
23274,B
22996,B
23291,B
20992,B
22374,B
23235,B
21556,B
23491,B
23357,B
84880,B
23359,B
16169E,B
23289,B
22762,B
22601,B
47504K,B
22763,B
23094,B
22736,B
22747,B
23367,B
23315,B
22807,B
23075,B
22897,B
23005,B
10135,B
23371,B
22412,B
22859,B
21034,B
22477,B
21042,B
22291,B
22935,B
21916,B
23525,B
21584,B
23148,B
37450,B
22536,B
22534,B
22571,B
22639,B
22710,B
15044D,B
21990,B
21781,B
22119,B
22562,B
51014A,B
22574,B
23090,B
11001,B
22803,B
35004C,B
22712,B
22115,B
20982,B
22858,B
22986,B
22070,B
21622,B
21114,B
22509,B
21041,B
22932,B
21471,B
37446,B
23358,B
23073,B
21564,B
22788,B
16161U,B
23244,B
21989,B
21988,B
84968A,B
23160,B
21992,B
21586,B
70006,B
51008,B
21873,B
23370,B
21917,B
21845,B
47570B,B
20674,B
22027,B
21870,B
23214,B
22593,B
23096,B
22414,B
22055,B
23434,B
21245,B
21056,B
21494,B
23270,B
22602,B
21718,B
85035C,B
22544,B
21899,B
22789,B
85061W,B
22651,B
21068,B
22186,B
85015,B
22579,B
23228,B
23101,B
22037,B
22832,B
84356,B
23217,B
46000M,B
22110,B
23317,B
20981,B
22305,B
84596F,B
23122,B
23155,B
23399,B
22332,B
23280,B
21207,B
23483,B
21394,B
22828,B
21534,B
23273,B
21544,B
22674,B
22292,B
22934,B
22479,B
21981,B
22428,B
21967,B
23372,B
22156,B
22928,B
22799,B
22377,B
85034C,B
22985,B
22852,B
22434,B
23394,B
22594,B
15060B,B
22361,B
22165,B
85049C,B
22284,B
22671,B
22913,B
23391,B
22154,B
23181,B
85206A,B
22312,B
21509,B
21206,B
22398,B
72807B,B
22314,B
21898,B
22530,B
22095,B
22816,B
23524,B
23226,B
22176,B
21713,B
22085,B
22282,B
23287,B
20668,B
22975,B
21626,B
20963,B
22891,B
23368,B
21192,B
22675,B
21591,B
84971S,B
21792,B
23528,B
22853,B
22285,B
23546,B
22047,B
23527,B
22458,B
22445,B
72807A,B
23267,B
37495,B
22498,B
85034B,B
22436,B
84818,B
23104,B
21872,B
22949,B
23086,B
22531,B
23334,B
22731,B
22583,B
21714,B
22526,B
23348,B
23034,B
85040A,B
22588,B
22714,B
72349B,B
23040,B
22358,B
23271,B
21055,B
21578,B
90057,B
21829,B
22713,B
23414,B
22696,B
21832,B
21069,B
21519,B
22076,B
21507,B
22198,B
22220,B
22199,B
84510A,B
72802B,B
21111,B
22676,B
22399,B
22948,B
21818,B
22600,B
22818,B
23538,B
22982,B
22227,B
22306,B
23378,B
21200,B
22716,B
22304,B
21705,B
22976,B
21328,B
84580,B
21470,B
72802A,B
84969,B
23000,B
22357,B
21039,B
23119,B
23470,B
21619,B
35953,B
21897,B
22335,B
84795B,B
22364,B
23505,B
21987,B
15044A,B
20961,B
23373,B
21793,B
22742,B
22473,B
23469,B
47503A,B
22911,B
22419,B
21686,B
85183B,B
22475,B
22905,B
85054,B
22472,B
22208,B
21577,B
71038,B
23250,B
21422,B
22576,B
22609,B
23366,B
21620,B
84032B,B
23249,B
22999,B
22443,B
22028,B
22449,B
23061,B
21615,B
22200,B
84279P,B
23221,B
22912,B
23138,B
22293,B
22917,B
21123,B
23444,B
22278,B
23598,B
21902,B
22711,B
22299,B
22416,B
22770,B
22916,B
84828,B
20984,B
21624,B
22920,B
21382,B
22130,B
22664,B
21813,B
21864,B
23067,B
22575,B
21742,B
84968C,B
21211,B
84813,B
21439,B
22613,B
20985,B
22318,B
10133,B
22708,B
21901,B
21528,B
23559,B
21706,B
84536A,B
23405,B
21537,B
22439,B
23462,B
22650,B
21913,B
22977,B
21986,B
23539,B
23507,B
23523,B
21744,B
21012,B
23392,B
23057,B
22944,B
22071,B
23142,B
23506,B
22918,B
15039,B
22063,B
85227,B
22754,B
22735,B
22922,B
23431,B
22334,B
51014C,B
37342,B
22471,B
22591,B
21616,B
47480,B
21395,B
22452,B
22461,B
22442,B
84012,B
82578,B
22915,B
37447,B
22603,B
22677,B
21361,B
23269,B
23515,B
22984,B
21830,B
84884A,B
23418,B
23375,B
15058A,B
22919,B
22168,B
23513,B
21070,B
21352,B
21693,B
22375,B
22802,B
21819,B
16016,B
23369,B
22494,B
22921,B
22539,B
22572,B
85132B,B
85159B,B
23432,B
22320,B
21700,B
23056,B
23511,B
84968E,B
22066,B
22060,B
23402,B
23225,B
84032A,B
22073,B
23516,B
22997,B
23545,B
21071,B
22611,B
21179,B
23508,B
22755,B
23411,B
82567,B
22167,B
23544,B
23327,B
23102,B
22929,B
22402,B
20665,B
21984,B
21464,B
21809,B
23365,B
23376,B
23026,B
23452,B
22203,B
22608,B
22153,B
21466,B
21329,B
23041,B
23087,B
22081,B
23281,B
21812,B
21820,B
22686,B
22503,B
21508,B
22152,B
21363,B
23433,B
20967,B
85132A,B
22459,B
22245,B
21355,B
21407,B
23121,B
35924,B
23460,B
23347,B
23033,B
22453,B
84968F,B
79302M,B
22757,B
23088,B
22614,B
22673,B
22857,B
22597,B
22221,B
22758,B
22589,B
23518,B
84459B,B
23533,B
85199S,B
21447,B
84819,B
21469,B
23331,B
21688,B
21717,B
21043,B
72817,B
22372,B
10125,B
22678,B
22024,B
23512,B
72800E,B
84944,B
23107,B
21788,B
85106,B
23566,B
22995,B
22540,B
22315,B
22046,B
22091,B
22338,B
22860,B
20956,B
23153,B
22242,B
84313C,B
22923,B
21224,B
22155,B
22223,B
23510,B
18097C,B
23514,B
22444,B
23419,B
22680,B
15058C,B
22094,B
85114A,B
23113,B
22363,B
22107,B
21679,B
23540,B
84823,B
22362,B
21354,B
21327,B
51014L,B
22098,B
82599,B
17091J,B
21683,B
16237,B
22474,B
21198,B
22994,B
22286,B
21682,B
21389,B
84558A,B
15044B,B
23517,B
22924,B
21462,B
84843,B
85064,B
84509G,B
47504H,B
21557,B
23532,B
22161,B
21617,B
22695,B
21391,B
22808,B
21058,B
22313,B
22310,B
20886,B
22500,B
21246,B
21065,B
23502,B
21188,B
23179,B
85185B,B
21695,B
22706,B
20686,B
23178,B
15058B,B
23479,B
22438,B
85034A,B
22210,B
22376,B
85035B,B
85036C,B
84459A,B
85232D,B
23002,B
21694,B
85180A,B
72816,B
23186,B
23338,B
21467,B
23099,B
85183A,B
37340,B
84968D,B
22679,B
23380,B
22785,B
23071,B
22123,B
22421,B
84796B,B
22209,B
23472,B
22093,B
22129,B
22307,B
21648,B
47580,C
21191,C
21399,C
22705,C
20846,C
22190,C
22262,C
79160,C
21291,C
21821,C
22761,C
23220,C
84596G,C
15044C,C
84849D,C
22681,C
22546,C
20752,C
21504,C
22817,C
22252,C
22132,C
21631,C
23550,C
21064,C
17084R,C
22682,C
22819,C
84660A,C
72818,C
22497,C
21408,C
35648,C
21287,C
23519,C
22074,C
21642,C
20931,C
21359,C
22522,C
22118,C
85059,C
22270,C
22815,C
21199,C
23409,C
21125,C
21947,C
22537,C
22519,C
84519A,C
23017,C
22211,C
23423,C
23106,C
21262,C
23022,C
85114C,C
22480,C
22343,C
22342,C
22277,C
22231,C
21465,C
21743,C
21949,C
85212,C
85194L,C
21294,C
22566,C
21927,C
22524,C
22587,C
23072,C
22400,C
72803A,C
23413,C
22565,C
72799E,C
20802,C
22309,C
22182,C
85130B,C
21905,C
22523,C
23004,C
84006,C
22254,C
21983,C
22683,C
22316,C
22581,C
21636,C
23564,C
84609,C
23324,C
22025,C
84535B,C
23123,C
23335,C
10002,C
23115,C
20966,C
23055,C
85159A,C
21162,C
22099,C
79164,C
37501,C
21090,C
21773,C
35471D,C
21204,C
22325,C
22097,C
21823,C
23458,C
84660B,C
20801,C
23562,C
21680,C
23222,C
85032A,C
23006,C
84763,C
23187,C
79191C,C
21158,C
21708,C
47593B,C
20748,C
85036A,C
85049D,C
22341,C
23223,C
23325,C
23454,C
21866,C
85039B,C
23114,C
35646,C
22685,C
23183,C
23487,C
85035A,C
85032B,C
22518,C
23568,C
21824,C
85231B,C
23547,C
21880,C
21209,C
21991,C
22268,C
21789,C
21272,C
22451,C
23025,C
23024,C
21804,C
21288,C
22267,C
22336,C
23522,C
84279B,C
23482,C
23597,C
20996,C
23521,C
22281,C
21774,C
22321,C
21677,C
17021,C
21398,C
21066,C
22026,C
21530,C
85019B,C
85116,C
22454,C
22718,C
22586,C
84536B,C
22814,C
84817,C
21613,C
35923,C
21696,C
23551,C
72232,C
22287,C
23019,C
23453,C
23120,C
22276,C
23456,C
22251,C
22856,C
84581,C
85114B,C
21786,C
70007,C
85071B,C
79163,C
85173,C
23408,C
22715,C
22753,C
22615,C
23216,C
23282,C
85135C,C
22535,C
21894,C
22450,C
23492,C
79030G,C
23070,C
23224,C
23140,C
23435,C
21054,C
22481,C
79066K,C
21195,C
22862,C
21769,C
21351,C
22393,C
23471,C
21126,C
21163,C
21707,C
85177,C
84789,C
16225,C
22520,C
22062,C
84800L,C
20704,C
22533,C
22217,C
21424,C
23027,C
22228,C
22806,C
23124,C
22981,C
23042,C
21292,C
84660C,C
21628,C
85199L,C
23520,C
15034,C
23018,C
85141,C
85144,C
85039A,C
22133,C
84509B,C
85125,C
22319,C
22893,C
21883,C
21643,C
22953,C
22021,C
22279,C
22057,C
22786,C
22448,C
21684,C
22035,C
21143,C
22701,C
22936,C
21627,C
21171,C
23455,C
22288,C
22396,C
22266,C
22684,C
21822,C
22403,C
22096,C
40001,C
22163,C
22067,C
84912B,C
85032C,C
23069,C
85036B,C
22525,C
22339,C
22272,C
23381,C
85019A,C
84519B,C
22756,C
37327,C
20986,C
35810A,C
23549,C
20702,C
23428,C
21948,C
21159,C
20767,C
85176,C
22249,C
18098C,C
21448,C
22514,C
35651,C
22258,C
84929,C
22821,C
37475,C
20772,C
22246,C
23473,C
22825,C
21106,C
22136,C
21289,C
22709,C
22275,C
85130D,C
20832,C
16235,C
21187,C
22707,C
85172,C
23499,C
22482,C
20785,C
23272,C
75131,C
22269,C
23451,C
21261,C
85049H,C
22264,C
22642,C
22543,C
85107,C
22521,C
21633,C
21208,C
85187,C
21747,C
22103,C
21317,C
35001G,C
22599,C
23060,C
22317,C
84665,C
22101,C
23219,C
35599B,C
23457,C
21383,C
22420,C
21446,C
23398,C
22495,C
22719,C
85169A,C
79067,C
21925,C
85104,C
22820,C
21638,C
20893,C
23016,C
21926,C
20764,C
85170D,C
22050,C
22068,C
21784,C
22717,C
21251,C
20932,C
23139,C
22515,C
23484,C
21264,C
35971,C
22116,C
21205,C
22861,C
22233,C
23691,C
85017B,C
21587,C
23021,C
22127,C
21096,C
21803,C
21059,C
85025C,C
22023,C
84352,C
21618,C
20733,C
85025B,C
22559,C
22359,C
23043,C
21468,C
85049F,C
23136,C
23180,C
22166,C
23377,C
23218,C
35599D,C
22496,C
21476,C
21865,C
85231G,C
21634,C
21215,C
84820,C
84031A,C
22255,C
85032D,C
21084,C
85016,C
23561,C
22183,C
23660,C
22324,C
22511,C
21014,C
22181,C
21630,C
22232,C
23548,C
85131A,C
23560,C
22618,C
84625A,C
21640,C
23537,C
21472,C
21397,C
35004G,C
22261,C
17096,C
23125,C
21277,C
84596L,C
84707A,C
23074,C
21473,C
21675,C
84625C,C
72819,C
21650,C
17107D,C
71279,C
23509,C
22102,C
84754,C
35598B,C
22194,C
22446,C
35598D,C
21654,C
21709,C
85194S,C
23565,C
22106,C
23379,C
23023,C
23044,C
22903,C
20705,C
21062,C
85130C,C
77101A,C
17012B,C
20766,C
90154,C
23058,C
21972,C
21711,C
22051,C
20761,C
21802,C
85111,C
21417,C
23336,C
23425,C
84674,C
21739,C
21662,C
23117,C
35241,C
84086C,C
22340,C
22647,C
21710,C
21063,C
20839,C
21629,C
22390,C
20658,C
21358,C
84976,C
21817,C
90200D,C
22513,C
21219,C
22247,C
23422,C
90209C,C
84916,C
84821,C
46775D,C
82616B,C
85136A,C
21202,C
22510,C
21576,C
21426,C
84917,C
21374,C
20681,C
23045,C
84974,C
23415,C
22422,C
84806B,C
21828,C
22638,C
22545,C
84849B,C
23466,C
20840,C
84520B,C
84360,C
22389,C
21741,C
84912A,C
47421,C
21415,C
22337,C
18007,C
22048,C
47585A,C
20762,C
82616C,C
22517,C
85088,C
85180B,C
16045,C
21015,C
85078,C
23459,C
35809A,C
20765,C
22250,C
20716,C
22344,C
16011,C
21373,C
85127,C
21808,C
21562,C
72799F,C
21641,C
21635,C
17012D,C
85170C,C
85135B,C
72598,C
47574A,C
35637A,C
21356,C
20866,C
16008,C
21194,C
22532,C
21365,C
84600,C
23039,C
23429,C
20803,C
22201,C
22308,C
21348,C
21318,C
85169C,C
84687,C
23337,C
21061,C
22405,C
22516,C
85163A,C
20998,C
22260,C
21664,C
23576,C
21421,C
21689,C
17012C,C
21581,C
22640,C
23150,C
21088,C
22230,C
21285,C
84569D,C
22105,C
84826,C
21867,C
22406,C
90149,C
85232A,C
22643,C
22265,C
84931B,C
23047,C
23420,C
22229,C
84926E,C
22529,C
17012F,C
23116,C
22256,C
47310M,C
85230B,C
84913B,C
85103,C
21579,C
84658,C
22322,C
85163B,C
23421,C
20768,C
21884,C
84951B,C
21129,C
16259,C
21263,C
21724,C
21881,C
21723,C
23037,C
84663A,C
85071C,C
22092,C
21220,C
23339,C
84659A,C
90200E,C
21841,C
21775,C
22346,C
23478,C
16219,C
21846,C
22100,C
23575,C
22040,C
22248,C
23661,C
84766,C
21879,C
22345,C
21060,C
84031B,C
85213,C
84632,C
21761,C
23440,C
85208,C
23695,C
84951A,C
85205B,C
21320,C
35095A,C
21131,C
16015,C
85024B,C
17129F,C
21503,C
21197,C
84358,C
22598,C
23430,C
90160C,C
21128,C
35912B,C
22204,C
37413,C
22043,C
21284,C
23410,C
84915,C
84924A,C
90200B,C
22162,C
71101E,C
23579,C
84816,C
21286,C
22547,C
85136C,C
35095B,C
72122,C
16169M,C
21371,C
84920,C
84509C,C
20838,C
20831,C
21189,C
72800B,C
21454,C
20936,C
21248,C
22409,C
21785,C
85230E,C
84926D,C
16236,C
35001W,C
23481,C
16238,C
79051A,C
22049,C
82613D,C
21445,C
21221,C
16012,C
21849,C
82613B,C
71270,C
20770,C
21403,C
17013D,C
79337,C
21386,C
22765,C
21222,C
21250,C
84708B,C
21719,C
22134,C
85188A,C
21167,C
84876B,C
20684,C
35954,C
23137,C
16218,C
84596E,C
84341B,C
84858C,C
21666,C
21265,C
22703,C
85204,C
84859A,C
20755,C
72586,C
78124,C
23015,C
23476,C
35964,C
22214,C
22108,C
23474,C
47563A,C
17012A,C
20669,C
21647,C
85230G,C
90062,C
85129D,C
22259,C
22069,C
20622,C
23495,C
84569A,C
84616,C
79190B,C
72131,C
21269,C
85203,C
21644,C
21632,C
85169D,C
84952B,C
22512,C
72800C,C
84849A,C
20615,C
20854,C
21725,C
23567,C
23475,C
21442,C
84559A,C
23447,C
20867,C
23465,C
47021G,C
23446,C
22052,C
21973,C
21051,C
85200,C
23036,C
85093,C
16216,C
82613C,C
22641,C
23003,C
84661B,C
84952C,C
22280,C
22447,C
21441,C
90161C,C
90161B,C
90160D,C
84218,C
84678,C
85161,C
20782,C
84563B,C
37482P,C
85186A,C
21067,C
47422,C
72800D,C
21455,C
20934,C
90058B,C
79030D,C
23580,C
85040B,C
23141,C
20856,C
85124C,C
84931A,C
23149,C
21293,C
22410,C
84051,C
17084N,C
22486,C
21547,C
84584,C
85019C,C
75178,C
22164,C
72127,C
84592,C
20619,C
85071D,C
84596J,C
22954,C
21324,C
85230A,C
21580,C
21758,C
21651,C
84422,C
84598,C
84919,C
21147,C
44235,C
21456,C
16156L,C
22038,C
20780,C
84926A,C
84563A,C
21458,C
22044,C
84857C,C
21726,C
21000,C
20897,C
20652,C
21657,C
47367B,C
22257,C
20707,C
21360,C
35911A,C
85170B,C
85124B,C
21253,C
85169B,C
21815,C
21882,C
84876D,C
90209B,C
21676,C
22137,C
21945,C
20902,C
20794,C
20763,C
21161,C
90147,C
84804B,C
85179A,C
21425,C
90184B,C
16048,C
21520,C
22391,C
84535A,C
20819,C
20771,C
22216,C
22541,C
84804A,C
22157,C
84559B,C
23697,C
84707B,C
21270,C
84796A,C
21944,C
21026,C
84247E,C
21801,C
84859C,C
84313B,C
22394,C
21378,C
84691,C
21807,C
90200A,C
20769,C
21190,C
84637,C
20847,C
84913A,C
82011C,C
84963A,C
90082B,C
84926F,C
85214,C
21763,C
47594B,C
21656,C
84800M,C
84875B,C
47578A,C
90114,C
90201B,C
85145,C
62086A,C
47469,C
90160A,C
85045,C
21280,C
85186C,C
BANK CHARGES,C
22889,C
84927F,C
47481,C
46118,C
85020,C
21750,C
72801C,C
21379,C
35914,C
35965,C
21333,C
21364,C
78033,C
37476,C
23305,C
21367,C
71403,C
20868,C
21306,C
72225C,C
21279,C
21311,C
22289,C
84877B,C
23143,C
20777,C
23468,C
21316,C
16258A,C
20781,C
22353,C
20830,C
21402,C
21427,C
23416,C
40003,C
21376,C
84827,C
21030,C
22031,C
90161D,C
21911,C
18094C,C
21145,C
22032,C
22538,C
90209A,C
22042,C
22415,C
85027L,C
35967,C
85211,C
47471,C
35915B,C
84963B,C
85168B,C
21117,C
84711B,C
21001,C
21721,C
90119,C
21028,C
84712B,C
85146,C
84683,C
21196,C
46000R,C
84952A,C
90160B,C
72128,C
47343A,C
84629,C
90198A,C
35810B,C
84192,C
21457,C
21332,C
84507C,C
21132,C
21369,C
22202,C
20837,C
23694,C
21614,C
79190A,C
22408,C
22033,C
84247G,C
20659,C
21555,C
21331,C
20757,C
82011B,C
84711A,C
75011,C
21851,C
84429A,C
35653,C
35922,C
23304,C
16168M,C
17038,C
20618,C
23417,C
20617,C
20758,C
21637,C
21736,C
90185D,C
90201C,C
90201D,C
20694,C
84744,C
46000U,C
90082A,C
84661A,C
21738,C
22869,C
84508C,C
62096A,C
21401,C
84638,C
90030B,C
90120C,C
20836,C
22870,C
21459,C
22124,C
22395,C
84508B,C
20823,C
21368,C
20826,C
85039C,C
85095,C
84993A,C
21319,C
35957,C
16054,C
90198B,C
90143,C
84882,C
21025,C
85130A,C
20903,C
90201A,C
72130,C
23303,C
20654,C
85067,C
85202,C
84800S,C
90210D,C
90145,C
84510C,C
21942,C
85129B,C
21850,C
72799C,C
21377,C
85094,C
20616,C
85055,C
84877D,C
21027,C
20735,C
79191B,C
20845,C
44234,C
85131B,C
84799,C
22104,C
35972,C
20696,C
85118,C
23463,C
85135A,C
84709B,C
84741C,C
21698,C
72780,C
85087,C
23185,C
21826,C
90210C,C
51020A,C
84865,C
21418,C
22135,C
10080,C
84673B,C
90191,C
47518F,C
85131D,C
84228,C
84925F,C
47351B,C
84846A,C
84631,C
84576,C
23496,C
21375,C
84595E,C
21400,C
21278,C
21344,C
90058A,C
35638B,C
23578,C
20655,C
21814,C
22882,C
17090A,C
22877,C
22872,C
21904,C
22878,C
21518,C
23151,C
23477,C
85215,C
20775,C
22874,C
22868,C
16052,C
84748,C
90192,C
90014A,C
21157,C
22881,C
84457,C
21366,C
90196A,C
35819B,C
22871,C
22876,C
84509E,C
16033,C
20796,C
22885,C
35818P,C
85129C,C
22875,C
17091A,C
22883,C
90184C,C
22407,C
84723,C
84806A,C
84906,C
84801A,C
79190D,C
90199C,C
90195A,C
84569B,C
84666,C
22884,C
84898F,C
22039,C
46776F,C
90125A,C
90063A,C
22263,C
85167B,C
21275,C
22886,C
20731,C
20773,C
47503H,C
82615,C
22873,C
90032,C
85230F,C
21690,C
23574,C
37343,C
85179C,C
90010E,C
84461,C
84688,C
21281,C
90019A,C
22880,C
21678,C
84984A,C
21370,C
90036D,C
23442,C
90180A,C
21420,C
20774,C
90014B,C
75172,C
90200C,C
90120B,C
21032,C
84527,C
35933,C
90122C,C
16169K,C
47594A,C
35920,C
82613A,C
84531B,C
90123A,C
21003,C
35638A,C
16049,C
21038,C
35915C,C
21095,C
90016A,C
90175C,C
90175A,C
20795,C
84809A,C
23464,C
84984B,C
84507B,C
85023B,C
84847,C
85131C,C
90123C,C
22887,C
90162B,C
90016B,C
90148,C
20657,C
21372,C
23467,C
79403,C
84870C,C
84685,C
85096,C
84870B,C
46776B,C
20997,C
90081A,C
90030C,C
20699,C
20941,C
20894,C
17084P,C
72801D,C
46000P,C
90030A,C
84531A,C
90178A,C
90184A,C
22888,C
20933,C
21100,C
47589,C
90164A,C
51020B,C
84661C,C
16161G,C
81952V,C
90124C,C
22879,C
85197,C
90158,C
46776A,C
46776E,C
20798,C
84249A,C
72801G,C
85232B,C
84231,C
85198,C
90185A,C
90063B,C
90151,C
90018A,C
17014A,C
84927E,C
85049B,C
72811,C
35819P,C
84686,C
35921,C
90164B,C
90000A,C
90125D,C
84247N,C
85071A,C
90073,C
90206C,C
90146,C
21692,C
84875D,C
85026B,C
85188B,C
84881,C
90125C,C
35815P,C
22145,C
47591B,C
90010A,C
90010B,C
84859B,C
35637C,C
40046A,C
84760S,C
17011F,C
21087,C
90129B,C
20848,C
71496A,C
16151A,C
84984D,C
37479B,C
37467,C
46126A,C
82011A,C
90173,C
90124A,C
84910A,C
84452,C
84905,C
46776D,C
21910,C
79071B,C
90166,C
21946,C
20760,C
90210B,C
71495B,C
71406C,C
84466,C
84597C,C
85006,C
37479P,C
16046,C
90108,C
44236,C
47341B,C
84874B,C
90098,C
90170,C
20898,C
85008,C
90214A,C
84679,C
90036E,C
21002,C
20835,C
84750B,C
72132,C
46776C,C
90081C,C
21722,C
20759,C
37333,C
20869,C
90065A,C
21349,C
84985A,C
20851,C
82095,C
47586A,C
20756,C
84927A,C
35968,C
90039D,C
84842,C
84805A,C
84805B,C
90003D,C
17012E,C
35649,C
85028S,C
84597B,C
21031,C
90194,C
22184,C
90196B,C
90099,C
84872A,C
20910,C
90199A,C
90082D,C
21460,C
17007B,C
47348A,C
44242B,C
35265,C
90129C,C
72812,C
90086,C
22764,C
21816,C
72133,C
84497,C
20697,C
21720,C
21943,C
84402B,C
90031,C
90036A,C
90036C,C
90123B,C
17084J,C
84706F,C
84715,C
90129F,C
72134,C
84549,C
35833P,C
84801B,C
85031A,C
35916C,C
21089,C
84247L,C
85160B,C
90176D,C
90155,C
21413,C
90161A,C
21847,C
90133,C
90142D,C
85185D,C
84086B,C
20653,C
47344B,C
79063C,C
90204,C
90035A,C
79144B,C
84857B,C
17084A,C
22987,C
90051,C
15030,C
85089,C
90162C,C
90183A,C
84921,C
90013C,C
75013B,C
23448,C
20662,C
84673A,C
20698,C
10120,C
85092,C
90214C,C
90124B,C
84725,C
90122A,C
21307,C
84534B,C
35910A,C
47341A,C
21393,C
47420,C
16207A,C
84617,C
84925D,C
84907,C
85086A,C
21392,C
23038,C
81952B,C
84033,C
84751B,C
84809B,C
20700,C
90002D,C
90072,C
90064B,C
72709,C
71510,C
17090D,C
90210A,C
85216,C
35911B,C
90000D,C
84927D,C
90186B,C
90012B,C
84247K,C
20661,C
72369A,C
79063D,C
90049,C
90214K,C
90157,C
71495A,C
84226,C
20827,C
84251G,C
90023,C
84922,C
90018B,C
81950B,C
84873A,C
17136A,C
90087,C
72783,C
84575A,C
37423,C
62094B,C
90094,C
90014C,C
90177D,C
17109D,C
46138B,C
37444A,C
84824,C
90036F,C
90036B,C
20878,C
37444C,C
79406,C
85018D,C
44228,C
90163A,C
90013A,C
35610C,C
35610B,C
90003C,C
21486,C
21310,C
90180B,C
90136,C
90070,C
90211A,C
35913B,C
21757,C
90141B,C
90135,C
90206A,C
21040,C
35816P,C
90067A,C
90162D,C
84465,C
82605,C
20670,C
85030,C
90214L,C
17165D,C
20857,C
16254,C
84613A,C
90050,C
90131,C
84251B,C
90214E,C
84199,C
90116,C
85017C,C
23702,C
90175D,C
35598A,C
90130B,C
84675,C
90205A,C
84539,C
90064A,C
90144,C
21011,C
84510E,C
90214S,C
90214D,C
84706D,C
84968B,C
90029,C
90026D,C
90026C,C
72140E,C
84803B,C
35910B,C
37468,C
90125B,C
90043,C
20820,C
20778,C
84854,C
90079,C
84548,C
90040C,C
79144C,C
84993B,C
22125,C
21357,C
90129D,C
35909B,C
35909A,C
21336,C
90012A,C
47369A,C
84522,C
85195,C
85206B,C
90101,C
90212C,C
90038A,C
90176E,C
90038B,C
90039B,C
90039A,C
20980,C
90038C,C
20701,C
90214M,C
84306,C
90035C,C
84387A,C
90018C,C
20695,C
90185C,C
90001D,C
23692,C
90040A,C
16169P,C
17001,C
90195B,C
90011B,C
90177C,C
90177B,C
90129A,C
90096,C
90085,C
90103,C
90093,C
20793,C
20818,C
21681,C
35817P,C
90141A,C
90019C,C
90141C,C
20821,C
90138,C
22351,C
37487B,C
85028L,C
79062D,C
72051S,C
90214I,C
21538,C
21416,C
21018,C
90214Y,C
90214G,C
35607B,C
85024C,C
72821,C
90074,C
21661,C
90000B,C
90060D,C
90123D,C
90152A,C
90179A,C
84798B,C
90190B,C
90190A,C
20664,C
20935,C
90129E,C
90162A,C
90202D,C
79331,C
35597D,C
90214J,C
37489D,C
47574B,C
90028,C
44092C,C
90001B,C
35645,C
90024B,C
35916A,C
90026B,C
90024C,C
90024F,C
90026A,C
90185B,C
37489B,C
16248B,C
35647,C
85136B,C
84795C,C
21777,C
84562A,C
20816,C
78034B,C
84989A,C
90037B,C
72024U,C
90214H,C
90022,C
90078,C
90163B,C
90069,C
90176C,C
90176B,C
84462,C
90189A,C
17191A,C
84877A,C
84705C,C
23449,C
84415A,C
90003E,C
90156,C
90141D,C
85031C,C
90141E,C
90048,C
90197B,C
90046,C
90159,C
84593,C
90190C,C
90186A,C
16202B,C
85084,C
37489A,C
47593A,C
90040B,C
90083,C
79336,C
21461,C
37489C,C
84745A,C
84745B,C
90187B,C
62043B,C
37491C,C
84388,C
90076,C
20892,C
18097A,C
90199B,C
20901,C
90199D,C
84415B,C
20671,C
17164B,C
79329,C
90021,C
90178B,C
84614A,C
84620,C
90211B,C
44092B,C
21488,C
37444B,C
20666,C
90027A,C
90027D,C
35818B,C
16043,C
47369B,C
20663,C
71050,C
72798C,C
16207B,C
21836,C
90212B,C
21226,C
84746,C
16162L,C
79191D,C
90214P,C
37488A,C
16162M,C
79026B,C
16161M,C
16169N,C
84016,C
35966,C
90174,C
40005B,C
90208,C
37471,C
35958,C
85109,C
44089C,C
90214N,C
35610A,C
84689,C
90019B,C
90205C,C
44242A,C
23441,C
35809B,C
90181A,C
81950V,C
45013,C
20906,C
84773,C
16206B,C
84732B,C
84840,C
90024D,C
90102,C
71143,C
90001C,C
44265,C
90120D,C
90167,C
90001A,C
84975,C
47503J,C
84924F,C
16244B,C
90042A,C
90188,C
85189,C
79149B,C
90176A,C
90003B,C
90025A,C
37379A,C
21827,C
62097B,C
71496B,C
10124G,C
90041,C
84802B,C
90065B,C
62074B,C
10124A,C
37491B,C
20678,C
90059E,C
85224,C
44089A,C
90214R,C
35591T,C
85225,C
21228,C
90214V,C
90152B,C
90179C,C
90152C,C
90060B,C
84499,C
35443,C
35598C,C
79161A,C
37462E,C
21839,C
35004P,C
81953P,C
90033,C
37509,C
35916B,C
20964,C
16020C,C
85017A,C
84798A,C
90059F,C
90059B,C
90122B,C
35650,C
85031B,C
90089,C
90214B,C
84613C,C
71215,C
79151B,C
84206A,C
84251C,C
35607A,C
84732D,C
21895,C
22218,C
79157V,C
20861,C
47016,C
47013C,C
17174,C
44091A,C
90214F,C
90025F,C
90039C,C
37464,C
79192A,C
35271S,C
16010,C
16202A,C
90214T,C
90214U,C
90214W,C
90214Z,C
90214O,C
79157B,C
84802A,C
90059C,C
37491D,C
10123C,C
47013A,C
90183C,C
90011A,C
90130A,C
20667,C
90202B,C
90202C,C
90054,C
90165B,C
90055,C
90100,C
17028J,C
62096B,C
84201B,C
37330,C
46115B,C
77079,C
85170A,C
47579,C
90125E,C
21414,C
81953B,C
84731,C
16202E,C
22323,C
22146,C
84551,C
84550,C
23664,C
37351,C
84206C,C
35597A,C
35597B,C
37461,C
84569C,C
90071,C
84743C,C
90128B,C
84990,C
84206B,C
84201C,C
90104,C
90084,C
21268,C
85047,C
84227,C
PADS,C
90118,C
90177A,C
90177E,C
90059A,C
23843,C
90202A,C
21667,C
90168,C
23630,C
90059D,C
21655,C
79323B,C
90182C,C
90169,C
20957,C
21412,C
85023C,C
35832,C
85098B,C
22034,C
84856S,C
21144,C
79320,C
84839,C
84750A,C
85126,C
72815,C
85068,C
37503,C
85065,C
85042,C
20703,C
79323P,C
21645,C
35400,C
85063,C
79323W,C
22769,C
D,C
CRUK,C
M,C
